sample_size,power,avg_eta_sqr
15,0.23333333333333334,0.15993899900120714
15,0.2,0.32254232319939014
15,0.13333333333333333,0.4424120864595605
15,0.23333333333333334,0.6183938701658847
15,0.16666666666666666,0.744434148529723
15,0.1,0.8609453219915079
15,0.1,0.9839658991471125
15,0.3,1.1462510883160708
15,0.06666666666666667,1.2446934937464134
15,0.2,1.370033430731353
15,0.16666666666666666,1.5098858571298854
15,0.16666666666666666,1.6532805527970473
15,0.3,1.8197814801155168
15,0.1,1.9382699875725533
15,0.26666666666666666,2.10443367475689
15,0.1,2.227044714892412
15,0.2,2.383713008430907
15,0.13333333333333333,2.485930730989661
15,0.16666666666666666,2.6216474181455873
15,0.16666666666666666,2.738498903639828
15,0.13333333333333333,2.871787382073181
15,0.1,3.02439821832043
15,0.16666666666666666,3.1450760551288233
15,0.13333333333333333,3.2754213192570814
15,0.23333333333333334,3.470471975315488
15,0.06666666666666667,3.5785158817162452
15,0.03333333333333333,3.6887964142419833
15,0.16666666666666666,3.807197482720196
15,0.13333333333333333,3.9023963458914177
15,0.26666666666666666,4.053968216480927
17,0.1,0.12166940200137917
17,0.26666666666666666,0.2606073245301436
17,0.3333333333333333,0.41559107985305427
17,0.2,0.5418565917280411
17,0.2,0.6575198308650695
17,0.23333333333333334,0.8198920734468442
17,0.16666666666666666,0.9069478416657052
17,0.26666666666666666,1.0509898173026175
17,0.1,1.1499058454520472
17,0.4,1.3151323366550116
17,0.13333333333333333,1.4205793150740065
17,0.16666666666666666,1.527830799146925
17,0.23333333333333334,1.6539348847494753
17,0.1,1.7536421828379225
17,0.13333333333333333,1.8556926727780911
17,0.2,2.006810370408457
17,0.13333333333333333,2.1410076497587975
17,0.3333333333333333,2.333029276225299
17,0.13333333333333333,2.4454939110904808
17,0.13333333333333333,2.5632926926189037
17,0.16666666666666666,2.6717883744536306
17,0.23333333333333334,2.8044043157132057
17,0.03333333333333333,2.9020656296953984
17,0.26666666666666666,3.0565915306026836
17,0.26666666666666666,3.2316109744259403
17,0.23333333333333334,3.358532877298231
17,0.2,3.4707889334483344
17,0.2,3.5967184631234863
17,0.16666666666666666,3.7094663683796307
17,0.3333333333333333,3.868124955587136
20,0.13333333333333333,0.08803132399722383
20,0.1,0.1737977587774558
20,0.23333333333333334,0.3005258530847197
20,0.16666666666666666,0.4018732034605632
20,0.2,0.49969413905635424
20,0.1,0.5663167190493403
20,0.1,0.652884793307453
20,0.3333333333333333,0.7952365719580549
20,0.43333333333333335,0.9386267273700292
20,0.26666666666666666,1.0544720407878356
20,0.3,1.177471586448594
20,0.26666666666666666,1.3114680744805578
20,0.26666666666666666,1.4291312291141343
20,0.3,1.5667049646600129
20,0.23333333333333334,1.6935078058233821
20,0.26666666666666666,1.8389737110730098
20,0.26666666666666666,1.9671153559652308
20,0.3,2.1226847456416915
20,0.23333333333333334,2.2637928303601793
20,0.3333333333333333,2.414008145768042
20,0.3,2.544711150353976
20,0.23333333333333334,2.6514701330574324
20,0.16666666666666666,2.7574598429446113
20,0.3,2.8924031683012643
20,0.2,3.0120713633335674
20,0.23333333333333334,3.1405480108578607
20,0.2,3.2490114953116316
20,0.2,3.3415478944229022
20,0.26666666666666666,3.463916950671673
20,0.1,3.554454271551208
23,0.26666666666666666,0.13306559493596232
23,0.26666666666666666,0.25979579816464293
23,0.26666666666666666,0.364623496613145
23,0.26666666666666666,0.47888429557922546
23,0.3,0.594229288472993
23,0.36666666666666664,0.7288210222829521
23,0.23333333333333334,0.8391985398289713
23,0.3,0.9746711667756596
23,0.13333333333333333,1.0580877480063537
23,0.23333333333333334,1.1745940951262397
23,0.23333333333333334,1.2788629730159966
23,0.23333333333333334,1.3924487642766594
23,0.3,1.5154192118280265
23,0.3,1.6296131689541464
23,0.3333333333333333,1.7490131000095759
23,0.23333333333333334,1.8740746978667393
23,0.4,2.014186906551978
23,0.26666666666666666,2.139456704614452
23,0.3,2.2762569084435493
23,0.16666666666666666,2.353604786395623
23,0.3,2.4736386861657262
23,0.26666666666666666,2.589559259513732
23,0.3333333333333333,2.717267829958308
23,0.2,2.8276469427283843
23,0.36666666666666664,2.971939594350519
23,0.3333333333333333,3.129108301035772
23,0.16666666666666666,3.2336468643652267
23,0.26666666666666666,3.3522173184931066
23,0.1,3.4328673854603333
23,0.3,3.566755876038442
26,0.23333333333333334,0.11328201343426186
26,0.3,0.25134424677970346
26,0.3333333333333333,0.36141175289265576
26,0.16666666666666666,0.4422744790103524
26,0.16666666666666666,0.5325099084723224
26,0.3333333333333333,0.6448524410537949
26,0.26666666666666666,0.7466419360677796
26,0.23333333333333334,0.8398080153245867
26,0.4,0.9681342416153861
26,0.43333333333333335,1.118578700346355
26,0.26666666666666666,1.222831670060664
26,0.23333333333333334,1.320255936675591
26,0.23333333333333334,1.4269705716125607
26,0.1,1.4976204238047306
26,0.23333333333333334,1.5919875898115294
26,0.2,1.69336811411087
26,0.23333333333333334,1.776308700126115
26,0.2,1.8658059497908057
26,0.16666666666666666,1.957471101988381
26,0.2,2.0433132460601224
26,0.2,2.1389175770300164
26,0.2,2.231244821226313
26,0.26666666666666666,2.3343060017689865
26,0.23333333333333334,2.432547497766444
26,0.23333333333333334,2.537009192887259
26,0.3,2.6371462656472002
26,0.13333333333333333,2.7272090198315757
26,0.3333333333333333,2.834643743438283
26,0.26666666666666666,2.946689196737935
26,0.23333333333333334,3.038725356702327
29,0.3,0.10759064075495513
29,0.3333333333333333,0.20419462620238887
29,0.4,0.3207365899637761
29,0.26666666666666666,0.4454488886039408
29,0.3,0.5650857266210004
29,0.26666666666666666,0.6638459476173942
29,0.26666666666666666,0.7747682567071685
29,0.43333333333333335,0.8834952107544819
29,0.3,0.9749972582906996
29,0.2,1.0647657786585272
29,0.3,1.165134121406618
29,0.3333333333333333,1.2652386807269278
29,0.3333333333333333,1.3713556872696402
29,0.26666666666666666,1.4544345238106735
29,0.26666666666666666,1.5522652139002568
29,0.26666666666666666,1.6520386688358333
29,0.3,1.761248400436293
29,0.3,1.8603801203443802
29,0.3,1.951588958973877
29,0.36666666666666664,2.059860442534389
29,0.26666666666666666,2.151699047050291
29,0.2,2.2468852516228344
29,0.23333333333333334,2.352107662837819
29,0.3,2.4600578554526304
29,0.3,2.559061662622439
29,0.3333333333333333,2.6580797298583474
29,0.3,2.756661431603847
29,0.43333333333333335,2.8918550945326995
29,0.3333333333333333,2.9864916436983324
29,0.4,3.1081131555906483
32,0.3,0.11581421422307356
32,0.3333333333333333,0.22721310360406838
32,0.2,0.3210293345787391
32,0.3,0.4321393251648266
32,0.43333333333333335,0.551825048499688
32,0.2,0.6305502308334958
32,0.36666666666666664,0.7303942808247668
32,0.3,0.8242106464951302
32,0.3333333333333333,0.9418825201064353
32,0.43333333333333335,1.0532004608282157
32,0.2,1.1312975764409605
32,0.36666666666666664,1.2398566685409433
32,0.5,1.342780194886182
32,0.2,1.4208594746267837
32,0.43333333333333335,1.5417322752884568
32,0.3,1.6269706212714092
32,0.43333333333333335,1.7339741105310924
32,0.3333333333333333,1.8336488434810885
32,0.36666666666666664,1.9351531719871244
32,0.5,2.0637236504785603
32,0.2,2.1519839215911927
32,0.3,2.252794905749451
32,0.36666666666666664,2.3604443689583032
32,0.5333333333333333,2.4810788441379668
32,0.26666666666666666,2.5674931945673003
32,0.3,2.6594840651237233
32,0.3333333333333333,2.753103948575439
32,0.4666666666666667,2.8654770281739204
32,0.3,2.9573217957982743
32,0.3333333333333333,3.055618672239185
34,0.36666666666666664,0.11182137651779496
34,0.4,0.22978863338958724
34,0.23333333333333334,0.3174155789455506
34,0.43333333333333335,0.44391319475706875
34,0.2,0.5200861610409949
34,0.3,0.620834722201067
34,0.43333333333333335,0.7312452100322115
34,0.36666666666666664,0.8241072189591545
34,0.4,0.9413565692167282
34,0.36666666666666664,1.0324165682625825
34,0.4,1.1265838243467965
34,0.5,1.239279912324624
34,0.2,1.30629214460367
34,0.4666666666666667,1.4401449156125088
34,0.4,1.5491686016737036
34,0.36666666666666664,1.6474459293393289
34,0.5,1.7695481394860846
34,0.4,1.8731327155614603
34,0.4,1.9751872764274734
34,0.5,2.10108078115544
34,0.3,2.1869837567721153
34,0.3,2.2768955608633576
34,0.5333333333333333,2.413399653428718
34,0.43333333333333335,2.5304871116451344
34,0.36666666666666664,2.6391294615718905
34,0.3333333333333333,2.745383519772843
34,0.2,2.828681308439462
34,0.3333333333333333,2.937494215487028
34,0.3,3.0281350532277105
34,0.26666666666666666,3.1196406423622287
37,0.4,0.09719152656878087
37,0.3333333333333333,0.17194900304017324
37,0.43333333333333335,0.2768800096302453
37,0.26666666666666666,0.35646446294766704
37,0.3,0.44145964319841446
37,0.3,0.5245429700130277
37,0.26666666666666666,0.5998132213354207
37,0.3333333333333333,0.6956620314760631
37,0.4666666666666667,0.8077201938453544
37,0.3333333333333333,0.9006628850356965
37,0.36666666666666664,0.9901949059754583
37,0.5,1.106989919679008
37,0.3,1.2023364339137552
37,0.4,1.300563796086532
37,0.43333333333333335,1.411813369988971
37,0.3,1.4945021543460857
37,0.3,1.5912696441408767
37,0.23333333333333334,1.6689868044075815
37,0.4666666666666667,1.7648247091381066
37,0.4,1.8583038942093035
37,0.4,1.9593167978246107
37,0.6,2.0760256055407895
37,0.43333333333333335,2.184957098407182
37,0.26666666666666666,2.269645803766613
37,0.3,2.359940635689335
37,0.43333333333333335,2.4597637398670478
37,0.3,2.561907414166478
37,0.36666666666666664,2.66958476541366
37,0.4,2.772915713111766
37,0.16666666666666666,2.833937527510509
40,0.3333333333333333,0.07982197844094738
40,0.4666666666666667,0.18393920260043112
40,0.43333333333333335,0.267712060414096
40,0.36666666666666664,0.3603904793967874
40,0.4666666666666667,0.4569815064945732
40,0.3333333333333333,0.5324662943984196
40,0.4666666666666667,0.6204142778254436
40,0.3,0.689455159611135
40,0.3333333333333333,0.7725298774663792
40,0.4666666666666667,0.8628784333416029
40,0.6,0.9852720116730851
40,0.36666666666666664,1.0850956806922163
40,0.4666666666666667,1.1933757802088674
40,0.26666666666666666,1.2746414547311473
40,0.43333333333333335,1.3719443458267901
40,0.43333333333333335,1.476695952920516
40,0.36666666666666664,1.5745157433246093
40,0.3333333333333333,1.66877522212578
40,0.5,1.7817560674049695
40,0.36666666666666664,1.8704466894904996
40,0.43333333333333335,1.9706256731934813
40,0.4666666666666667,2.0729911857231587
40,0.3333333333333333,2.149651962085667
40,0.5,2.2490680690775138
40,0.43333333333333335,2.359716733281363
40,0.4,2.449434581833994
40,0.4666666666666667,2.5546084567441536
40,0.43333333333333335,2.660225476569393
40,0.5,2.7658937809163286
40,0.43333333333333335,2.870214870754323
43,0.26666666666666666,0.08985354659290984
43,0.3,0.16879209272152398
43,0.36666666666666664,0.27568028182657933
43,0.4,0.3539423741555313
43,0.6333333333333333,0.4644228948817408
43,0.36666666666666664,0.5453021711291135
43,0.3333333333333333,0.6293439084889341
43,0.6333333333333333,0.7428233548442343
43,0.26666666666666666,0.8147476100553603
43,0.5666666666666667,0.9202805581132795
43,0.43333333333333335,1.033202055900011
43,0.6333333333333333,1.146486097746813
43,0.2,1.2145289095155758
43,0.5,1.3199459353012877
43,0.5666666666666667,1.4278121046449348
43,0.26666666666666666,1.5053174702743926
43,0.3,1.581141504339229
43,0.5,1.6732589566833884
43,0.6,1.7870135063682249
43,0.43333333333333335,1.8778914312966402
43,0.5,1.9834597214140333
43,0.3333333333333333,2.0576375147495622
43,0.43333333333333335,2.158588160590439
43,0.5666666666666667,2.2736792977565488
43,0.5666666666666667,2.4001477500385815
43,0.43333333333333335,2.4946580676376398
43,0.43333333333333335,2.59194285544271
43,0.4666666666666667,2.705161913597351
43,0.4666666666666667,2.811496973975882
43,0.5,2.901275431417239
46,0.5333333333333333,0.10137947538867591
46,0.4,0.18520607327750474
46,0.43333333333333335,0.29242187969645084
46,0.6333333333333333,0.39994677421190966
46,0.4666666666666667,0.497665299674697
46,0.5666666666666667,0.6044995536633446
46,0.4,0.6837244184463936
46,0.4666666666666667,0.7660733917129767
46,0.36666666666666664,0.8498546105824032
46,0.43333333333333335,0.9338848275755992
46,0.5333333333333333,1.0129413155209426
46,0.4,1.0982335909989822
46,0.6,1.2116415148025925
46,0.5666666666666667,1.3160053706032118
46,0.5333333333333333,1.4192490433380494
46,0.4,1.5022208663961147
46,0.5666666666666667,1.6135021870600836
46,0.5333333333333333,1.7094595512224953
46,0.5333333333333333,1.8069879964485118
46,0.4666666666666667,1.9112371119191458
46,0.3333333333333333,1.9839671383210067
46,0.3333333333333333,2.0628549226736306
46,0.5333333333333333,2.1695212269329103
46,0.4666666666666667,2.2582068671259434
46,0.5,2.357541064096903
46,0.5,2.4617074359426634
46,0.5333333333333333,2.5601267040613243
46,0.5666666666666667,2.6641038488665356
46,0.5,2.7634090727236456
46,0.5666666666666667,2.8539311470769024
49,0.43333333333333335,0.0851228277330141
49,0.4666666666666667,0.19097008538919122
49,0.36666666666666664,0.2670410088523089
49,0.5,0.34459710954681094
49,0.5,0.4363717999305889
49,0.5333333333333333,0.5292475898394472
49,0.5666666666666667,0.6482046451835051
49,0.4666666666666667,0.7364540906189253
49,0.4666666666666667,0.8240377776089478
49,0.36666666666666664,0.9023201030712529
49,0.43333333333333335,0.9817679377044216
49,0.6,1.0756329283471056
49,0.5,1.164005158423327
49,0.4,1.2481285610458528
49,0.43333333333333335,1.3342089675159803
49,0.4,1.4001217957623082
49,0.6,1.5103572174384519
49,0.43333333333333335,1.5997364423699174
49,0.4,1.6763809043232938
49,0.6666666666666666,1.7807885827548087
49,0.6666666666666666,1.8863321210429513
49,0.5333333333333333,1.989605687903841
49,0.6333333333333333,2.113490314430485
49,0.4666666666666667,2.211183484565246
49,0.3,2.2828115650841965
49,0.5333333333333333,2.36644233943202
49,0.5,2.4599302637661586
49,0.5,2.5543809207996175
49,0.43333333333333335,2.6254321657022692
49,0.4666666666666667,2.7051091012063395
52,0.4,0.0802908621072987
52,0.4,0.15865219308529221
52,0.7,0.2727794527032264
52,0.43333333333333335,0.3574149203196503
52,0.7,0.4628106114442805
52,0.5,0.5514112626931847
52,0.5,0.6383671886307697
52,0.5333333333333333,0.7281316838720993
52,0.36666666666666664,0.794508307197714
52,0.26666666666666666,0.8672912820590891
52,0.6666666666666666,0.9691577256561708
52,0.4666666666666667,1.0587258457896715
52,0.4,1.1333824534708419
52,0.36666666666666664,1.2150895748898536
52,0.4666666666666667,1.2919560586198464
52,0.5333333333333333,1.3757523855082618
52,0.36666666666666664,1.4520744272536794
52,0.7,1.5692446470274979
52,0.5333333333333333,1.67098810021288
52,0.4666666666666667,1.751918782285327
52,0.5666666666666667,1.844665364512217
52,0.7666666666666667,1.9661178383605766
52,0.43333333333333335,2.0430285076314565
52,0.3333333333333333,2.118707828608765
52,0.6333333333333333,2.2127323475361815
52,0.5666666666666667,2.314587615527389
52,0.4666666666666667,2.4098589686482286
52,0.43333333333333335,2.4912891016425065
52,0.6333333333333333,2.596540133722606
52,0.5666666666666667,2.685194826859038
54,0.5666666666666667,0.08795131271919955
54,0.3333333333333333,0.1552432853019505
54,0.6333333333333333,0.2455684047301162
54,0.4666666666666667,0.3373717797739697
54,0.36666666666666664,0.40745039925767046
54,0.4666666666666667,0.49663097248608135
54,0.43333333333333335,0.5777684147841395
54,0.6333333333333333,0.6870551589861553
54,0.5,0.7753650291613524
54,0.4,0.8447855550143936
54,0.5666666666666667,0.9326127390629702
54,0.5666666666666667,1.022460721297514
54,0.5,1.1130011795129255
54,0.5,1.2068848261911034
54,0.8,1.3169757330370027
54,0.5666666666666667,1.4086388177466327
54,0.6333333333333333,1.5034667369460855
54,0.4666666666666667,1.5859042203358533
54,0.6,1.673862179042363
54,0.4,1.7474729046217894
54,0.5,1.8391407196179743
54,0.5,1.9210230440701648
54,0.6,2.005165310235495
54,0.36666666666666664,2.079828915419063
54,0.6666666666666666,2.1804445800269416
54,0.5666666666666667,2.2697759585353414
54,0.5333333333333333,2.3496603165178054
54,0.43333333333333335,2.4320503792628596
54,0.5333333333333333,2.5164310527105997
54,0.36666666666666664,2.589352829823395
57,0.5333333333333333,0.08689346969065458
57,0.5333333333333333,0.16603048783548444
57,0.5,0.2521735829305161
57,0.5666666666666667,0.33195908419507275
57,0.5333333333333333,0.4298846027319277
57,0.5666666666666667,0.5171831406113094
57,0.5333333333333333,0.5916497063463514
57,0.6333333333333333,0.6994229638776155
57,0.5666666666666667,0.7844161761580796
57,0.7,0.8736281733830275
57,0.36666666666666664,0.9398325247334255
57,0.43333333333333335,1.0075974143259976
57,0.6333333333333333,1.1042782847024264
57,0.7333333333333333,1.2089477265068325
57,0.6666666666666666,1.308019627410735
57,0.5666666666666667,1.4026765754095274
57,0.6,1.490460861642783
57,0.6333333333333333,1.596354838966475
57,0.6,1.6769493687400794
57,0.5333333333333333,1.762287504119038
57,0.43333333333333335,1.8363005480090442
57,0.6666666666666666,1.9385271398256512
57,0.7,2.0372161161108946
57,0.5666666666666667,2.128099195440498
57,0.5333333333333333,2.2076229667390024
57,0.6,2.2997331803948393
57,0.5333333333333333,2.3772314107392707
57,0.3333333333333333,2.4413104872351625
57,0.4666666666666667,2.5144731812949206
57,0.5333333333333333,2.6032443448105482
60,0.5333333333333333,0.07604449179290125
60,0.5666666666666667,0.16453834720729774
60,0.5333333333333333,0.23279056854151803
60,0.5666666666666667,0.3127637882741972
60,0.7333333333333333,0.4100986635917047
60,0.5,0.5026162842533723
60,0.43333333333333335,0.5894540835354297
60,0.6333333333333333,0.6803076798603299
60,0.7666666666666667,0.7798193820499131
60,0.7,0.8714195261317095
60,0.6666666666666666,0.9563219282880631
60,0.6333333333333333,1.0487026944557054
60,0.4666666666666667,1.1306183504276273
60,0.7,1.2297198672505496
60,0.6333333333333333,1.3195518190028506
60,0.6333333333333333,1.4074754537632068
60,0.7,1.4940921439482058
60,0.5666666666666667,1.5733136318843186
60,0.5,1.660129549268592
60,0.6666666666666666,1.7828351377479954
60,0.6333333333333333,1.8767694125133363
60,0.6333333333333333,1.965897432820537
60,0.5,2.036616830033369
60,0.5666666666666667,2.1262716849897028
60,0.5666666666666667,2.2090336494260097
60,0.5333333333333333,2.2960528160489035
60,0.4,2.371683166567748
60,0.5666666666666667,2.4569621985601557
60,0.4666666666666667,2.5333722987605567
60,0.6666666666666666,2.6373740195624786
63,0.7,0.10705485134804385
63,0.7,0.21295373911700285
63,0.7333333333333333,0.3018603410941262
63,0.5666666666666667,0.38361074565972364
63,0.5333333333333333,0.4579524167837035
63,0.3333333333333333,0.5241855356392918
63,0.5333333333333333,0.5990470664459105
63,0.5666666666666667,0.6918984040216375
63,0.5333333333333333,0.7773538003186212
63,0.6666666666666666,0.8700428316526888
63,0.6,0.9548906017971475
63,0.6666666666666666,1.0397488340265364
63,0.6333333333333333,1.1250245865713968
63,0.5666666666666667,1.2060849042893065
63,0.6333333333333333,1.29714238041437
63,0.6,1.383446105054457
63,0.6333333333333333,1.4719640514529422
63,0.5666666666666667,1.5449308808802655
63,0.5,1.6143846411055944
63,0.6333333333333333,1.7019780158742635
63,0.7333333333333333,1.8007649596313466
63,0.7333333333333333,1.8872559158705882
63,0.5333333333333333,1.973716025339739
63,0.5333333333333333,2.0541838477556764
63,0.6333333333333333,2.14769669062847
63,0.5,2.234600869263516
63,0.36666666666666664,2.3052889085103114
63,0.7,2.3833857781938113
63,0.5,2.456451395800206
63,0.6333333333333333,2.5471146339791306
66,0.7,0.10088452351791857
66,0.6,0.19564168417663713
66,0.6666666666666666,0.28889896726379793
66,0.5,0.3684707814163814
66,0.6666666666666666,0.46946954197689467
66,0.5666666666666667,0.5544436845598277
66,0.6,0.6468327485462256
66,0.6666666666666666,0.7371710561714355
66,0.6333333333333333,0.824859689565892
66,0.6666666666666666,0.9161154650362284
66,0.6333333333333333,0.9966779754633351
66,0.6666666666666666,1.0969266769951511
66,0.6,1.1788612459475702
66,0.4666666666666667,1.247218143909515
66,0.7,1.338315195364693
66,0.6666666666666666,1.432201433994023
66,0.7333333333333333,1.514552671455312
66,0.6,1.5955013348295053
66,0.6,1.6738036425125993
66,0.6,1.7680581754224156
66,0.5666666666666667,1.8642561019026693
66,0.6333333333333333,1.9555569792368244
66,0.6333333333333333,2.0344018102417882
66,0.5,2.1137231153531375
66,0.6,2.203227283975083
66,0.5,2.276616554773184
66,0.5,2.3538250763687127
66,0.6,2.439114038315916
66,0.8,2.538824834630089
66,0.7666666666666667,2.6388647729192813
69,0.6333333333333333,0.07845679875232642
69,0.5666666666666667,0.17274957181291808
69,0.7666666666666667,0.26651086358780074
69,0.6666666666666666,0.3460161054887213
69,0.6333333333333333,0.4182284102634918
69,0.7333333333333333,0.5157812224837631
69,0.7,0.6009682770187111
69,0.5666666666666667,0.6750941893333383
69,0.6333333333333333,0.754050295720302
69,0.6333333333333333,0.8441513575988577
69,0.6,0.9269279057139014
69,0.7666666666666667,1.022398685056309
69,0.7666666666666667,1.1098667975228518
69,0.5666666666666667,1.1801895429480198
69,0.8,1.2975219785840175
69,0.6333333333333333,1.384785384831786
69,0.7,1.453183313059394
69,0.7,1.5407681725554454
69,0.4666666666666667,1.625847972540343
69,0.6333333333333333,1.7102937042946313
69,0.6,1.7961552511391823
69,0.6666666666666666,1.886647091101987
69,0.6333333333333333,1.9710976649233898
69,0.6666666666666666,2.0572721036647064
69,0.6333333333333333,2.1446588894270713
69,0.6666666666666666,2.230788527192675
69,0.5333333333333333,2.3083323570380694
69,0.7333333333333333,2.40952227145961
69,0.43333333333333335,2.4684546001186
69,0.8333333333333334,2.573893231130013
71,0.6,0.07328917221073691
71,0.6666666666666666,0.15720240393129653
71,0.6333333333333333,0.245658667592923
71,0.7666666666666667,0.3301263435535576
71,0.7666666666666667,0.4263360066142185
71,0.7,0.5193307302328184
71,0.7,0.6103886779291113
71,0.6,0.6807764119404764
71,0.7,0.7757243839429396
71,0.7,0.8693317738157726
71,0.7,0.954914085440408
71,0.6,1.0362246524629741
71,0.8333333333333334,1.1295199269020755
71,0.6,1.2216223603024738
71,0.6,1.3161523976268517
71,0.7333333333333333,1.400914666007057
71,0.7333333333333333,1.48140406722631
71,0.6,1.5634809835794103
71,0.8666666666666667,1.665191302056891
71,0.6666666666666666,1.746816822938313
71,0.8666666666666667,1.8538330931673839
71,0.7,1.9439627189939006
71,0.7333333333333333,2.0313697912351554
71,0.6666666666666666,2.11437527439139
71,0.7,2.20335338294401
71,0.8,2.293984589861112
71,0.6666666666666666,2.390759342915669
71,0.5,2.462319482648565
71,0.6333333333333333,2.5608750000115608
71,0.5666666666666667,2.6329172334155015
74,0.6666666666666666,0.07663177840356189
74,0.7333333333333333,0.15914292095973734
74,0.8,0.2533630926372206
74,0.6666666666666666,0.3351333716143335
74,0.6,0.41333981144345305
74,0.6333333333333333,0.5004007330124985
74,0.6666666666666666,0.5816947130405759
74,0.8333333333333334,0.6881303647350625
74,0.6,0.7556595437905378
74,0.7,0.839581985982005
74,0.6666666666666666,0.924904799257542
74,0.7,0.9945852916476061
74,0.6666666666666666,1.0641270374904472
74,0.6666666666666666,1.1493554658278309
74,0.7,1.2308565863136613
74,0.7,1.312538758523984
74,0.7,1.3952124133062214
74,0.6,1.473385536745831
74,0.7,1.5639008277708297
74,0.6,1.6538804971661711
74,0.8,1.7556635763278838
74,0.7333333333333333,1.8516255972271074
74,0.7666666666666667,1.9408739036221552
74,0.8333333333333334,2.036337163230581
74,0.8,2.1250302167914397
74,0.6666666666666666,2.2085112238385927
74,0.6333333333333333,2.285086764257784
74,0.8,2.3875862778738415
74,0.7333333333333333,2.4745495199265224
74,0.8666666666666667,2.584414453455534
77,0.8,0.08457694611765916
77,0.7,0.16465682382184696
77,0.6,0.25595170213792817
77,0.8666666666666667,0.34701789932373006
77,0.8666666666666667,0.4391648518388188
77,0.6666666666666666,0.508126106600433
77,0.5333333333333333,0.5807322916766332
77,0.7333333333333333,0.6623511947032767
77,0.7666666666666667,0.7579190802189869
77,0.7333333333333333,0.8501296927924166
77,0.5666666666666667,0.9187614490557051
77,0.8333333333333334,1.016576229155033
77,0.7333333333333333,1.1136324930305217
77,0.8,1.1987841228277933
77,0.5333333333333333,1.2783028697605885
77,0.7333333333333333,1.3822296731348895
77,0.8333333333333334,1.4759323087976972
77,0.7333333333333333,1.5700871978817212
77,0.7333333333333333,1.661704197003798
77,0.6,1.7449506808090929
77,0.7333333333333333,1.833266839410077
77,0.6666666666666666,1.9215862024219634
77,0.6333333333333333,1.9951554331446009
77,0.5666666666666667,2.0680980396237114
77,0.7666666666666667,2.1441396913278497
77,0.7333333333333333,2.231834870021358
77,0.8666666666666667,2.340670732216569
77,0.5666666666666667,2.4230450280945095
77,0.7,2.5101487862772163
77,0.8666666666666667,2.6041307254939445
80,0.8333333333333334,0.08013277435922928
80,0.7,0.1612390140053372
80,0.7,0.24463222308045734
80,0.7333333333333333,0.33203467670828507
80,0.8666666666666667,0.4305457358824408
80,0.6333333333333333,0.5139159257692762
80,0.5666666666666667,0.5894589350866641
80,0.7,0.6587026319440624
80,0.7666666666666667,0.7495371368015571
80,0.7,0.8331860526644584
80,0.7666666666666667,0.9295489785933292
80,0.8333333333333334,1.013579529561131
80,0.7666666666666667,1.1101411261862921
80,0.8333333333333334,1.2108251022966132
80,0.7666666666666667,1.2896887709114315
80,0.7333333333333333,1.3859794039607374
80,0.6666666666666666,1.4716332272474608
80,0.8,1.5549922158992178
80,0.7666666666666667,1.631125391254482
80,0.6,1.6966673117110829
80,0.6,1.779429289869681
80,0.8,1.8645514556665213
80,0.7333333333333333,1.951902579623746
80,0.7333333333333333,2.038295704174391
80,0.7333333333333333,2.130159102267091
80,0.7666666666666667,2.2183675126733635
80,0.7666666666666667,2.3080382250219573
80,0.6333333333333333,2.3802620125387928
80,0.7666666666666667,2.4652321074047467
80,0.6666666666666666,2.55001136576822
83,0.7666666666666667,0.08484257746094061
83,0.8333333333333334,0.1731464309167551
83,0.9,0.2647138141960352
83,0.7333333333333333,0.3413074102176489
83,0.6,0.41841762906783964
83,0.7,0.4995419152404049
83,0.8,0.5846981933812931
83,0.8,0.669418264109565
83,0.7666666666666667,0.7532458676776345
83,0.7666666666666667,0.8327126992540114
83,0.7,0.915490423227101
83,0.7333333333333333,1.0033076466799644
83,0.5666666666666667,1.0634473570888239
83,0.8,1.1444451930390542
83,0.9333333333333333,1.2418384737385613
83,0.7666666666666667,1.3183851061182141
83,0.6666666666666666,1.394392167516339
83,0.7666666666666667,1.4771326496636001
83,0.7666666666666667,1.5679152147358382
83,0.7666666666666667,1.6619554032688668
83,0.6666666666666666,1.7466056377336905
83,0.7333333333333333,1.8254903663829012
83,0.7666666666666667,1.9103683729552943
83,0.8,1.9997277180940327
83,0.6666666666666666,2.0681137227605855
83,0.6333333333333333,2.143105338449147
83,0.7333333333333333,2.231364543151554
83,0.5333333333333333,2.299053773661484
83,0.7666666666666667,2.3848092234357625
83,0.6333333333333333,2.458735181072989
86,0.8,0.0951560375950727
86,0.7666666666666667,0.17865767121456555
86,0.7333333333333333,0.2671278131151901
86,0.7,0.3462871784413249
86,0.7666666666666667,0.4282876736681392
86,0.8666666666666667,0.5181724896187487
86,0.7333333333333333,0.597414353458227
86,0.7666666666666667,0.6839843579936253
86,0.8333333333333334,0.7808824883857515
86,0.7,0.8633926572552302
86,0.8,0.9543979800959017
86,0.8,1.0467212571961433
86,0.8,1.1277323638355565
86,0.8333333333333334,1.2022404769629136
86,0.7666666666666667,1.2976027685017657
86,0.7666666666666667,1.3723465124632697
86,0.7666666666666667,1.4530266772718936
86,0.7,1.536099427432346
86,0.6,1.6127593028595306
86,0.8333333333333334,1.7056549827231868
86,0.7333333333333333,1.7908043190872476
86,0.8333333333333334,1.8879898252948497
86,0.8333333333333334,1.979836460446687
86,0.5666666666666667,2.045875262765016
86,0.9,2.134187312647418
86,0.6,2.1971699563611042
86,0.8666666666666667,2.302039556937549
86,0.7333333333333333,2.380394539048251
86,0.7,2.4549503377948194
86,0.8333333333333334,2.541395523678626
89,0.7666666666666667,0.08021532762967305
89,0.8,0.16412201060591095
89,0.7666666666666667,0.25395087295184937
89,0.8,0.3362482125070431
89,0.7666666666666667,0.4228461095135701
89,0.7666666666666667,0.5236586232529761
89,0.7666666666666667,0.5987473253314884
89,0.7333333333333333,0.6789711765014843
89,0.7333333333333333,0.7718680283685021
89,0.8,0.8588666149205814
89,0.7333333333333333,0.9454599291750081
89,0.7666666666666667,1.0294639145241957
89,0.8333333333333334,1.1126618867971514
89,0.9,1.1921565808684609
89,0.8,1.2763787618667917
89,0.7,1.3751862412519922
89,0.8333333333333334,1.464292287919403
89,0.8666666666666667,1.5504706884966093
89,0.7333333333333333,1.6402342214680887
89,0.8,1.7179933969920935
89,0.8333333333333334,1.8024874235927697
89,0.7,1.8833420117199564
89,0.9333333333333333,1.9701157755119663
89,0.9333333333333333,2.0568550372645773
89,0.7666666666666667,2.124742975702314
89,0.7333333333333333,2.2023781084914646
89,0.8,2.2907053849885313
89,0.8,2.3620187268161312
89,0.6666666666666666,2.442586788945101
89,0.8,2.5330133256410736
91,0.7333333333333333,0.08653086577096133
91,0.7,0.165597989305466
91,0.7666666666666667,0.2515331886203789
91,0.7,0.33080966454441085
91,0.7666666666666667,0.3990857316539378
91,0.8333333333333334,0.47944937611231114
91,0.7666666666666667,0.5573092654868242
91,0.7333333333333333,0.6358341483492471
91,0.8,0.7164443672712594
91,0.8333333333333334,0.8083710996426882
91,0.9,0.8917579637031867
91,0.7666666666666667,0.95945801253076
91,0.6666666666666666,1.0432853265814825
91,0.9,1.1270010982699585
91,0.8,1.203267509292921
91,0.8333333333333334,1.287506130171005
91,0.8666666666666667,1.3892201604568237
91,0.8333333333333334,1.4741540232923072
91,0.8,1.565175249765123
91,0.8333333333333334,1.638237582909815
91,0.8666666666666667,1.7302574523618068
91,0.7333333333333333,1.8148801783276483
91,0.8,1.8917798880969763
91,0.9,1.9832329272484979
91,0.9333333333333333,2.075948707411494
91,0.7666666666666667,2.1427374905884293
91,0.6666666666666666,2.2147632065382825
91,0.8333333333333334,2.2950636054485636
91,0.8666666666666667,2.3898637813615995
91,0.7666666666666667,2.47988300268799
94,0.8333333333333334,0.07734340848129168
94,0.8,0.15998712142658034
94,0.8333333333333334,0.2454580430207195
94,0.8333333333333334,0.3415813855836239
94,0.8,0.4235410926553994
94,0.8,0.5149298337281167
94,0.7,0.5897200406097879
94,0.8333333333333334,0.6782021815042705
94,0.7666666666666667,0.7555247654332647
94,0.7,0.8307751495668175
94,0.8666666666666667,0.9225540764194254
94,0.7333333333333333,0.9935196766325988
94,0.7,1.0629223363204658
94,0.8,1.138335981482642
94,0.7333333333333333,1.2122996093224954
94,0.9,1.3038778607559938
94,0.7666666666666667,1.3856692545611675
94,0.8,1.4772255501650435
94,0.7666666666666667,1.553424601698096
94,0.7333333333333333,1.6271653660930905
94,0.9,1.702811808139931
94,0.5666666666666667,1.7614882454093226
94,0.9666666666666667,1.8678851147979787
94,0.7666666666666667,1.963547096680378
94,0.8666666666666667,2.047814461785913
94,0.8,2.1336701612699582
94,0.8333333333333334,2.2132466246587956
94,0.8333333333333334,2.3056298450652917
94,0.8333333333333334,2.3929405975557003
94,0.7666666666666667,2.477467996028861
97,0.8666666666666667,0.08825542411184188
97,0.9333333333333333,0.1866459846434127
97,0.6333333333333333,0.2467279120163493
97,0.7333333333333333,0.32103611465805465
97,0.6666666666666666,0.3874543506106393
97,0.9666666666666667,0.4858498464046602
97,0.8333333333333334,0.5775443009102131
97,0.8333333333333334,0.6622088718198216
97,0.8666666666666667,0.7432286264424584
97,0.8666666666666667,0.8316241025254594
97,0.6666666666666666,0.9014906243732617
97,0.8333333333333334,0.9770089777334316
97,0.8,1.0683067169105394
97,0.8,1.1483397041676584
97,0.8333333333333334,1.2294840852146023
97,0.7666666666666667,1.3057166557492244
97,0.7333333333333333,1.3785089400120707
97,0.8333333333333334,1.4575672361984573
97,0.7,1.5294706262493634
97,0.8666666666666667,1.6090796746756317
97,0.8333333333333334,1.6929157374308272
97,0.7666666666666667,1.7715707804203018
97,0.9,1.851318048256212
97,0.8666666666666667,1.9390227136973797
97,0.8666666666666667,2.0362870072502433
97,0.8666666666666667,2.119468516032157
97,0.7333333333333333,2.198821418374386
97,0.8,2.2924758283278828
97,0.7333333333333333,2.361390646292003
97,0.8666666666666667,2.4497260474157
100,0.9333333333333333,0.0746516526051997
100,0.8333333333333334,0.15402318428181755
100,0.9,0.22885825503977358
100,0.8,0.30841077115055604
100,0.8666666666666667,0.38058176926653875
100,0.8333333333333334,0.46998373578691155
100,0.9333333333333333,0.5531694133423196
100,0.7666666666666667,0.626451709977298
100,0.8666666666666667,0.6952845987531576
100,0.9,0.7793792005826657
100,1.0,0.8646461997883791
100,0.8333333333333334,0.9465947277828975
100,0.9333333333333333,1.024197039192423
100,0.9,1.1092141957720263
100,0.9,1.1937482281824112
100,0.8666666666666667,1.2782124778310657
100,0.8,1.3589478317254975
100,0.7333333333333333,1.4378644893820196
100,0.9,1.5212187888306978
100,0.8666666666666667,1.6005813654769703
100,0.8,1.6858582699738636
100,0.8,1.7671500025020035
100,0.8,1.8453182406037945
100,0.9333333333333333,1.9408115468491276
100,0.9,2.0351954698192833
100,0.8,2.117439105760286
100,0.8666666666666667,2.209982654509587
100,0.7333333333333333,2.289799420553405
100,0.8666666666666667,2.373542181724533
100,0.8,2.45301212054209
103,0.8333333333333334,0.07988759046485519
103,0.7333333333333333,0.15610868956876103
103,0.9666666666666667,0.24389212052596823
103,0.8,0.3125935217117074
103,0.8666666666666667,0.3925233430537401
103,0.8,0.46552768709339465
103,0.8666666666666667,0.5488081140298061
103,0.8333333333333334,0.622881161893191
103,0.9666666666666667,0.7176231775879718
103,0.8333333333333334,0.7846945659489186
103,0.8666666666666667,0.8666398890240837
103,0.8666666666666667,0.9439692690776418
103,0.7333333333333333,1.0159755890193745
103,0.8,1.089686418125992
103,0.7,1.1582210918564777
103,0.8,1.2376381343240384
103,0.9,1.328560882165104
103,0.8666666666666667,1.4012578210599917
103,0.8,1.4732775606979596
103,0.9333333333333333,1.5606607337605845
103,0.8333333333333334,1.628666954645184
103,0.7333333333333333,1.7052217542695494
103,0.8666666666666667,1.790483205187656
103,0.9333333333333333,1.885316885739729
103,0.8666666666666667,1.9660222417882656
103,0.8666666666666667,2.043161366303564
103,0.8,2.128379789892816
103,0.8333333333333334,2.205765556680729
103,0.8333333333333334,2.284871044197722
103,0.9333333333333333,2.3798368356920845
106,0.8,0.08708869842826196
106,0.9,0.17662571207761965
106,0.8666666666666667,0.24874375766924248
106,0.8333333333333334,0.32306991340799934
106,0.9,0.414486020111923
106,0.8333333333333334,0.491424304764673
106,0.8666666666666667,0.5804761300642369
106,0.8,0.6674231553490472
106,0.8333333333333334,0.7574712749464497
106,0.7666666666666667,0.8292420935021775
106,0.8,0.9100458912971471
106,0.8333333333333334,0.9897047107499543
106,0.9666666666666667,1.0842929034015845
106,0.8333333333333334,1.1537451781056056
106,0.9,1.2458034540546683
106,0.7666666666666667,1.3264377506940657
106,0.9666666666666667,1.4168375369178086
106,0.8666666666666667,1.4972674138875897
106,0.8333333333333334,1.5824465347921242
106,0.9666666666666667,1.668939971459072
106,0.8666666666666667,1.7537572720958012
106,0.8333333333333334,1.8382610746062542
106,0.9,1.9084864881073245
106,0.8333333333333334,1.9861246474978353
106,0.9,2.072156347766123
106,0.9333333333333333,2.153155159232824
106,0.9333333333333333,2.2428492373024964
106,0.9,2.3213579388571977
106,0.9333333333333333,2.4038950907818517
106,0.9666666666666667,2.4839457485855685
108,0.9333333333333333,0.0840432445457131
108,0.9333333333333333,0.15869833853901522
108,0.8,0.23697443776538382
108,0.9,0.30786279540628736
108,0.8666666666666667,0.39424642133705884
108,0.9666666666666667,0.4865368412156476
108,0.8666666666666667,0.5722720944555617
108,0.8666666666666667,0.6561028951737119
108,0.8333333333333334,0.7535244116246953
108,0.9,0.8355309925957901
108,0.8333333333333334,0.9134939477272592
108,0.8666666666666667,0.9847096979137949
108,0.9,1.063299254167854
108,0.9,1.1440883395832695
108,0.9,1.2274085241435693
108,0.9333333333333333,1.322499371914957
108,0.8666666666666667,1.3992927536850925
108,0.8666666666666667,1.477149004525867
108,0.9666666666666667,1.5655680744708314
108,0.8,1.6395944007705705
108,0.9,1.7158606444590003
108,0.9666666666666667,1.8089806470450767
108,0.8666666666666667,1.8893097644301562
108,0.9333333333333333,1.9789043907315889
108,0.8333333333333334,2.062829718455809
108,0.9333333333333333,2.1473385263107243
108,0.9666666666666667,2.228402490896933
108,0.9333333333333333,2.3129730056369864
108,0.9,2.393263144082982
108,1.0,2.4885660878007863
111,0.9333333333333333,0.0884949961242298
111,0.7666666666666667,0.16624195816338544
111,0.8666666666666667,0.2466356522211094
111,0.8333333333333334,0.3243540533950006
111,0.9333333333333333,0.40303130431464695
111,0.9666666666666667,0.4839203138790845
111,0.9333333333333333,0.5780209113535029
111,0.8333333333333334,0.6602241428546552
111,1.0,0.7308364057733574
111,0.8666666666666667,0.8175085066601373
111,0.9,0.8908661360375423
111,0.8,0.9631662116443122
111,0.9,1.0462280210014014
111,1.0,1.134954384458249
111,0.8,1.2153924306785673
111,0.8666666666666667,1.294069082363331
111,0.8333333333333334,1.368032900385056
111,0.8666666666666667,1.4459446941043685
111,0.9333333333333333,1.536379857672642
111,0.9,1.61519253185579
111,0.8666666666666667,1.6894997493717057
111,0.8666666666666667,1.7605234824686111
111,0.9,1.839965948255316
111,0.9666666666666667,1.924258518032157
111,0.9,2.013856751845759
111,0.9333333333333333,2.09025766177224
111,0.9333333333333333,2.1722247181373464
111,0.8666666666666667,2.2543617516177283
111,0.8333333333333334,2.3310900930835
111,0.9,2.4083710503556754
114,0.6666666666666666,0.06420774214358652
114,0.8666666666666667,0.14441366014025026
114,0.9333333333333333,0.22998844423592626
114,0.9,0.31960353231084204
114,0.9,0.3951946752624905
114,0.9,0.46766223055651746
114,1.0,0.5558737586744663
114,0.9666666666666667,0.6318322697146111
114,0.9,0.7153957158690978
114,0.9333333333333333,0.8005317506017108
114,0.8,0.8827636553216757
114,0.9,0.9605071471105713
114,0.9,1.041668465654356
114,0.9,1.115131163891191
114,0.9333333333333333,1.1897874155964607
114,0.8666666666666667,1.2741861848251292
114,0.9,1.3534430123983934
114,0.8333333333333334,1.4367840013450304
114,0.9666666666666667,1.520813571329173
114,0.8666666666666667,1.6014480036240164
114,0.8666666666666667,1.6701804193923846
114,0.9,1.7595542514937323
114,0.9,1.8417610511839713
114,0.8666666666666667,1.917390943813053
114,0.8666666666666667,2.021317644436072
114,0.8333333333333334,2.1083101058130724
114,0.9,2.190904645943717
114,0.9,2.270179067288075
114,0.8666666666666667,2.347242747987338
114,0.9,2.4410776577599527
117,0.9333333333333333,0.0969033595317928
117,0.7333333333333333,0.15481987856989346
117,0.9666666666666667,0.24046423929442678
117,0.9666666666666667,0.3298414529254374
117,1.0,0.41342796911316804
117,1.0,0.49600600952820967
117,0.8666666666666667,0.5832482301374943
117,0.9333333333333333,0.658010704528003
117,0.9,0.737136616407551
117,0.8666666666666667,0.8100751463142988
117,0.8666666666666667,0.8890687094380872
117,0.9333333333333333,0.9608223741275318
117,0.9666666666666667,1.04612138893003
117,0.9,1.1277499454757087
117,0.8,1.2052525845876292
117,0.9666666666666667,1.2950647881414337
117,0.9,1.3799682250222083
117,0.8333333333333334,1.4512274009030464
117,0.8333333333333334,1.5266713013251303
117,0.8333333333333334,1.6046351272592254
117,0.9333333333333333,1.6812633073281886
117,0.9666666666666667,1.7616405464111464
117,0.9666666666666667,1.847904832188426
117,0.8666666666666667,1.9279244140809917
117,0.9,2.0108592395521727
117,0.8666666666666667,2.093383781420717
117,1.0,2.1902610920511836
117,0.9666666666666667,2.279375964904569
117,0.9666666666666667,2.350493788435501
117,0.9,2.4332482981423156
120,0.8,0.08796910898722506
120,0.8666666666666667,0.15733921048222316
120,0.9,0.23216063236910847
120,1.0,0.3225660381518579
120,0.9666666666666667,0.40356233469901615
120,0.9666666666666667,0.4845464518966876
120,0.8,0.5652376481802015
120,0.9666666666666667,0.6481267390470724
120,0.9666666666666667,0.7406349254661616
120,0.9666666666666667,0.8188246076863431
120,0.9,0.9062548243573454
120,0.9333333333333333,0.9852607921256127
120,0.8333333333333334,1.060265593128387
120,0.9333333333333333,1.1384655815699707
120,0.8,1.215502488419557
120,0.8666666666666667,1.2999329451913733
120,0.9,1.388714855159705
120,0.9,1.4637229396600981
120,0.9,1.54306057848268
120,0.9333333333333333,1.632613362135292
120,0.9333333333333333,1.7186707869581674
120,0.8666666666666667,1.8010079311413185
120,0.9333333333333333,1.8691226850514908
120,0.9333333333333333,1.9498881319643198
120,0.9,2.026802748010339
120,0.8333333333333334,2.1005327392949473
120,0.9,2.1915891082837056
120,0.9,2.261974824754135
120,0.8333333333333334,2.3378612355277943
120,0.9333333333333333,2.41977052377272
123,0.8666666666666667,0.07755337489861616
123,0.8666666666666667,0.15419779045706583
123,0.9333333333333333,0.23694595618025785
123,0.9333333333333333,0.31409116290061684
123,0.9,0.39145587666429676
123,0.8666666666666667,0.46394863212097437
123,0.9666666666666667,0.5457349463174777
123,0.9333333333333333,0.6322863758571265
123,0.9,0.7060743080708997
123,0.8666666666666667,0.7851141712406167
123,0.9333333333333333,0.8710386204965259
123,0.9333333333333333,0.9431926671757188
123,0.7666666666666667,1.0027053498601701
123,0.9666666666666667,1.0807013376057313
123,0.9333333333333333,1.167477507207888
123,0.9333333333333333,1.2552727016314535
123,0.8666666666666667,1.3327728309833422
123,0.9666666666666667,1.4115167956655352
123,0.8666666666666667,1.4954391506606632
123,0.9333333333333333,1.565657727061273
123,0.9,1.649211934486465
123,0.9333333333333333,1.7284018519927542
123,0.9666666666666667,1.8058150638354529
123,0.9666666666666667,1.8947714035874257
123,0.9666666666666667,1.9775199960640382
123,0.8666666666666667,2.0548894345626647
123,0.9333333333333333,2.141745787679111
123,0.9,2.2223374516768106
123,0.9,2.2892351724451063
123,0.8333333333333334,2.371248776918901
126,0.9,0.07986545878522981
126,1.0,0.17342779139230105
126,0.9333333333333333,0.26108481970093894
126,1.0,0.3424859881674408
126,1.0,0.4232990537798791
126,0.9333333333333333,0.49540769838240933
126,0.8666666666666667,0.5770476458618232
126,0.9,0.6489536833685359
126,0.9333333333333333,0.7271729719789211
126,0.9666666666666667,0.8159897643214862
126,0.9666666666666667,0.9009843874988412
126,0.9,0.9718203571764922
126,0.9666666666666667,1.04820339428597
126,0.9333333333333333,1.1080555761438655
126,0.9333333333333333,1.1839156749132793
126,0.9333333333333333,1.2583894262494124
126,1.0,1.3538177211271225
126,0.9333333333333333,1.4344255426070107
126,1.0,1.5169587168916079
126,0.9666666666666667,1.614211089087136
126,0.9666666666666667,1.6903392518976461
126,1.0,1.7743327884770372
126,0.9666666666666667,1.8578201880695224
126,0.9333333333333333,1.9446815884808388
126,0.9333333333333333,2.0198579705059294
126,0.9666666666666667,2.1053213755686455
126,0.9666666666666667,2.1901771351924046
126,0.9,2.2686064148848115
126,0.9,2.336730699942936
126,0.9,2.4196221598286365
128,0.9,0.08128103672335994
128,0.9,0.153604252772118
128,0.9333333333333333,0.23369570220878166
128,0.9333333333333333,0.32183680453090907
128,0.8333333333333334,0.3879521260633044
128,0.9,0.45604679028400114
128,0.9666666666666667,0.5423259384768595
128,0.8666666666666667,0.6187995830688732
128,0.9666666666666667,0.7025748184905757
128,0.9,0.7848798311018801
128,0.9,0.8701348358887
128,0.9333333333333333,0.9486827642740134
128,0.8666666666666667,1.0292328799068118
128,0.9333333333333333,1.1030677202988082
128,0.9666666666666667,1.1745293775685863
128,0.9333333333333333,1.25640477882779
128,1.0,1.3456845438233376
128,0.9,1.4225856993099997
128,0.9666666666666667,1.5099371015489393
128,0.9333333333333333,1.584942769128365
128,0.9,1.6643216349687018
128,0.8666666666666667,1.7474860143632551
128,1.0,1.844996630989674
128,0.8666666666666667,1.9330011280408754
128,0.9333333333333333,2.011720742419363
128,0.9,2.090829074180604
128,0.9,2.1809634005657235
128,0.9333333333333333,2.2633008252707696
128,1.0,2.346351862797683
128,0.9,2.421550707299391
131,0.9333333333333333,0.07297553170330132
131,0.9666666666666667,0.15049343540104904
131,0.9333333333333333,0.23514135598201674
131,1.0,0.3219645132836531
131,0.9333333333333333,0.3973106168720682
131,0.9,0.47784694029255687
131,0.9333333333333333,0.5541717581030199
131,0.9666666666666667,0.6343481877930018
131,0.9333333333333333,0.708271179730976
131,0.9333333333333333,0.7856839253571611
131,1.0,0.8630874961796542
131,0.9333333333333333,0.9469815571578724
131,0.9333333333333333,1.0181799140145504
131,0.9,1.0960597158372931
131,0.8666666666666667,1.178919220365185
131,0.9,1.2487005444830104
131,0.9666666666666667,1.330244098794072
131,1.0,1.4153400879099904
131,0.9333333333333333,1.5017554256831818
131,0.9333333333333333,1.579096968590845
131,0.8666666666666667,1.6566324966597321
131,0.9333333333333333,1.7316430361284607
131,1.0,1.816549562264462
131,0.9333333333333333,1.8960243265878112
131,0.9666666666666667,1.9929936241972188
131,0.9666666666666667,2.07297646303938
131,0.9333333333333333,2.1472091108018803
131,0.9666666666666667,2.2258409099041696
131,0.9666666666666667,2.3080507182735976
131,1.0,2.3921797500059854
134,0.9666666666666667,0.09053220568632961
134,0.9,0.16997356744407746
134,1.0,0.2556586201195212
134,0.9666666666666667,0.3292638562849282
134,0.9666666666666667,0.4071227653639197
134,1.0,0.49260019565199425
134,0.9333333333333333,0.5722393162073974
134,0.9,0.6543929608171446
134,0.9666666666666667,0.7308159382380492
134,0.9666666666666667,0.8046279482841324
134,0.9666666666666667,0.8835623737362146
134,1.0,0.9612978944475611
134,0.9333333333333333,1.0361449957670803
134,0.9333333333333333,1.1234466690256057
134,0.8,1.1934974117135402
134,0.9666666666666667,1.2732272759360177
134,0.8666666666666667,1.337853254131803
134,0.9333333333333333,1.4131321782255941
134,0.9666666666666667,1.4961320745636992
134,1.0,1.5736609954066259
134,0.9666666666666667,1.653494298100024
134,0.9,1.7259931352694242
134,0.9666666666666667,1.809272553267901
134,1.0,1.8921894946278266
134,0.9666666666666667,1.975564720469026
134,0.9333333333333333,2.055789401424919
134,0.9,2.117382788804011
134,0.9333333333333333,2.1901763787197814
134,0.9333333333333333,2.272067436305733
134,1.0,2.356879875188324
137,0.9333333333333333,0.08774630729599982
137,0.9333333333333333,0.16904118093895612
137,1.0,0.24928359051493923
137,0.9333333333333333,0.3320218815114908
137,0.9666666666666667,0.4180768817809966
137,0.9666666666666667,0.49125962534140327
137,0.9666666666666667,0.5654819636047103
137,0.9333333333333333,0.6428001759100971
137,1.0,0.7281249172023528
137,0.9666666666666667,0.8132188073436382
137,0.9666666666666667,0.8980489363965426
137,1.0,0.9755010877737298
137,0.9333333333333333,1.0459465926403964
137,1.0,1.121682497200174
137,0.9666666666666667,1.1949110843799593
137,0.9666666666666667,1.268299870013156
137,0.9666666666666667,1.3548601766873687
137,0.9333333333333333,1.4235423429638583
137,0.8666666666666667,1.494534487425882
137,0.9666666666666667,1.5723585371818412
137,0.9666666666666667,1.6518925648804912
137,0.8666666666666667,1.730878248078014
137,0.9,1.808617166030646
137,0.9666666666666667,1.8890614724213088
137,1.0,1.972437581544214
137,0.9666666666666667,2.065476355221884
137,1.0,2.149583983282916
137,0.9666666666666667,2.2331007594030083
137,0.9333333333333333,2.3117386826077446
137,0.9666666666666667,2.3937719165963713
140,0.9666666666666667,0.0834951665655439
140,0.8666666666666667,0.15151473257649603
140,1.0,0.23895737943968684
140,0.9333333333333333,0.3189459130429541
140,0.9666666666666667,0.40493234000036793
140,0.9333333333333333,0.4816417930278758
140,1.0,0.5608166458854299
140,0.9666666666666667,0.636415162126084
140,0.9666666666666667,0.7113514013443045
140,0.9666666666666667,0.7936718671362932
140,0.9666666666666667,0.8695117072850725
140,0.9666666666666667,0.953488434421971
140,0.9333333333333333,1.0342179542042258
140,1.0,1.1092361163626556
140,0.9666666666666667,1.1882460891578284
140,0.9666666666666667,1.2727731456614466
140,0.9,1.3413476929020658
140,1.0,1.4164228509211287
140,0.9333333333333333,1.4849117184247078
140,0.9333333333333333,1.5602075560074447
140,1.0,1.645385195720614
140,0.9666666666666667,1.7271983300046507
140,0.9666666666666667,1.800869145620174
140,1.0,1.8773866265201409
140,0.9666666666666667,1.9646054938196502
140,0.9666666666666667,2.041713395604063
140,1.0,2.135483891617189
140,0.9666666666666667,2.2139188085580965
140,0.9666666666666667,2.295430460222321
140,0.9333333333333333,2.375363459598177
143,1.0,0.08361672770716454
143,0.9666666666666667,0.15597953857850178
143,0.9666666666666667,0.24628828055344326
143,0.9333333333333333,0.3218222178338193
143,1.0,0.40792080426462035
143,0.8666666666666667,0.4779532508909099
143,0.9666666666666667,0.5538749342902077
143,0.9666666666666667,0.6318895878753281
143,0.9666666666666667,0.7124625674978664
143,0.9666666666666667,0.7814779412392028
143,1.0,0.8571102973592503
143,1.0,0.9403955113564938
143,0.9666666666666667,1.0175162389231425
143,0.9333333333333333,1.097811825740663
143,0.9666666666666667,1.1852463615918623
143,1.0,1.2756666557123968
143,1.0,1.3566852351880085
143,0.9333333333333333,1.4407532339741804
143,0.9666666666666667,1.5181491048807396
143,1.0,1.6052654621189295
143,0.9,1.679668102415005
143,0.9666666666666667,1.7637038266770138
143,1.0,1.845847157895156
143,0.8333333333333334,1.9119693361620935
143,0.9666666666666667,1.9934460354444896
143,0.9,2.0714434162019226
143,0.9666666666666667,2.1455065015531827
143,0.9333333333333333,2.2211882500498144
143,0.9666666666666667,2.3103930201743075
143,1.0,2.3957431877448534
145,0.9666666666666667,0.08125188674574961
145,0.9333333333333333,0.16024798375710914
145,1.0,0.2470449828969765
145,1.0,0.3199897052523203
145,0.9333333333333333,0.3999663272478198
145,0.9666666666666667,0.4790823581225356
145,0.9666666666666667,0.557466611581
145,1.0,0.6442613167120275
145,1.0,0.7233140273821745
145,0.9333333333333333,0.800314094028889
145,0.9,0.8718962942220536
145,1.0,0.9455653482999333
145,0.9333333333333333,1.0302587190818555
145,1.0,1.1026093828928893
145,0.9333333333333333,1.1749362392199925
145,0.9,1.2531872017096422
145,0.9666666666666667,1.3303704041013318
145,1.0,1.406710684721093
145,0.9666666666666667,1.4841203469797786
145,0.9333333333333333,1.5616507604028875
145,0.9666666666666667,1.6384550948820826
145,0.9,1.7115668830346589
145,0.9666666666666667,1.7922722921491498
145,1.0,1.8751309127539477
145,1.0,1.960544883206791
145,0.9333333333333333,2.033574308780704
145,0.9333333333333333,2.1186546525606578
145,1.0,2.193866426778708
145,0.9666666666666667,2.2714882800760505
145,0.9666666666666667,2.353340103710017
148,0.9666666666666667,0.07711169200523932
148,0.9333333333333333,0.15659410498489262
148,0.9666666666666667,0.2330496459051944
148,0.9666666666666667,0.3159593992320266
148,1.0,0.3908094406474466
148,0.9666666666666667,0.4749232154089972
148,0.9333333333333333,0.5496827793944566
148,0.9666666666666667,0.6268167923422487
148,0.9666666666666667,0.6990330966426131
148,1.0,0.7802871315408954
148,1.0,0.8603892151446911
148,0.9333333333333333,0.9341078057846718
148,1.0,1.0155298177504641
148,0.9,1.0838545208650736
148,1.0,1.1655309597081631
148,0.9666666666666667,1.2495578456814882
148,0.9333333333333333,1.3355858996717487
148,1.0,1.4133141112196255
148,1.0,1.4920123057487238
148,1.0,1.578207780829502
148,1.0,1.6612868132080376
148,0.9666666666666667,1.7328765992629167
148,1.0,1.8091425990037031
148,0.9666666666666667,1.8858830174549694
148,0.9666666666666667,1.9578974112527168
148,0.9333333333333333,2.0321428939713133
148,0.9666666666666667,2.1144282230388995
148,0.9666666666666667,2.198940416234583
148,0.9,2.2787824991787087
148,0.9333333333333333,2.3521890870804745
151,1.0,0.0897648758809745
151,0.9666666666666667,0.17361881020342587
151,1.0,0.2474164852761301
151,1.0,0.32334740144815244
151,1.0,0.41139031369058926
151,1.0,0.48837789997928643
151,0.9666666666666667,0.5629153364921261
151,1.0,0.6419249986996477
151,0.9,0.7146838916078736
151,0.9666666666666667,0.7967547573479264
151,0.9333333333333333,0.8804893833307491
151,0.9333333333333333,0.9564657306051038
151,0.9333333333333333,1.0352962900942542
151,0.9333333333333333,1.1135761091801255
151,1.0,1.1914465456461198
151,0.8666666666666667,1.2638869547160405
151,0.9666666666666667,1.343489195404225
151,1.0,1.424469631725836
151,1.0,1.5109837145939393
151,1.0,1.582488179795625
151,1.0,1.6552941289587235
151,1.0,1.737806899438125
151,1.0,1.8172656632825293
151,0.9333333333333333,1.8864967467978702
151,0.9666666666666667,1.9724097338391025
151,0.9666666666666667,2.065623927153651
151,0.9666666666666667,2.1483613930240817
151,1.0,2.2359080179109436
151,0.9666666666666667,2.3088356841504467
151,1.0,2.3892235904152503
154,1.0,0.0792829433542526
154,0.9666666666666667,0.15605466836814513
154,0.9666666666666667,0.23498738455020443
154,0.9666666666666667,0.31672456367973045
154,0.9,0.3901944512861977
154,0.9666666666666667,0.4752244102544761
154,1.0,0.5600760796722644
154,1.0,0.6356039269715645
154,1.0,0.7211167591203936
154,0.9666666666666667,0.7897845524784329
154,0.9666666666666667,0.8700137668602583
154,0.9333333333333333,0.9437680354014077
154,1.0,1.022028870374619
154,0.9666666666666667,1.1048167811036185
154,0.9333333333333333,1.1914740623732136
154,1.0,1.2794156858146275
154,1.0,1.3633629778269591
154,0.9,1.4345605468057898
154,1.0,1.5063901575794802
154,0.9666666666666667,1.588699196271872
154,1.0,1.6631640377603063
154,0.9666666666666667,1.7363851090699545
154,1.0,1.8184782287720642
154,1.0,1.9020859883247503
154,0.9666666666666667,1.9779445893826793
154,0.9666666666666667,2.057173505881894
154,0.9666666666666667,2.1280845408734077
154,0.9666666666666667,2.21077029092209
154,0.9666666666666667,2.2909064808108015
154,0.9666666666666667,2.362781237395797
157,0.9666666666666667,0.07333008895867181
157,1.0,0.1464877406518651
157,0.9666666666666667,0.2290222360534899
157,0.9666666666666667,0.3092798679051427
157,1.0,0.3951584548017445
157,0.9333333333333333,0.4656995250922099
157,0.9666666666666667,0.5412684102475038
157,0.9666666666666667,0.6168689691836011
157,1.0,0.7048390890086627
157,1.0,0.7999356931081423
157,1.0,0.8735610809415196
157,0.9666666666666667,0.946808345655042
157,1.0,1.0274010365247095
157,0.9666666666666667,1.1070362142296601
157,1.0,1.1823008612192367
157,0.9333333333333333,1.2556998894356364
157,0.9666666666666667,1.3308282325382392
157,1.0,1.4103544952457425
157,0.9666666666666667,1.4908152207761418
157,1.0,1.574707253446826
157,1.0,1.6512945646271002
157,1.0,1.7267577306956607
157,1.0,1.8090527905770364
157,1.0,1.8875205102228165
157,0.9666666666666667,1.9700670694076983
157,0.9666666666666667,2.054714296560926
157,1.0,2.131490928033328
157,1.0,2.2222458796614415
157,0.9666666666666667,2.2989984709264704
157,1.0,2.381723779191009
160,1.0,0.08464640884479241
160,0.9666666666666667,0.17434501872928818
160,1.0,0.2510791130371066
160,1.0,0.3296292400779196
160,1.0,0.4023257939114468
160,1.0,0.4852800539107704
160,1.0,0.5715448563444094
160,1.0,0.6584582848071991
160,0.9666666666666667,0.7298953058112062
160,0.9666666666666667,0.803632229638753
160,0.9333333333333333,0.8796441438646957
160,1.0,0.9600758021246946
160,1.0,1.0379733044172037
160,1.0,1.1203447549496028
160,1.0,1.2023306290575417
160,1.0,1.2724055069747766
160,0.9666666666666667,1.349570714426438
160,1.0,1.4317527056959873
160,0.9666666666666667,1.5109658703736715
160,0.9333333333333333,1.5862340762758258
160,1.0,1.665338736066161
160,0.9666666666666667,1.7444756973378979
160,1.0,1.8262880185985155
160,1.0,1.9001906190925377
160,0.9666666666666667,1.978976792832137
160,0.9666666666666667,2.0639164149681357
160,1.0,2.1378886915709234
160,1.0,2.2216848000770475
160,1.0,2.3056887236508246
160,0.9666666666666667,2.392856866873228
163,0.9666666666666667,0.08131110802147658
163,1.0,0.16442107013156024
163,1.0,0.25085741752887664
163,0.9333333333333333,0.3281952222950766
163,1.0,0.4137133539228442
163,0.9666666666666667,0.48897743284416817
163,1.0,0.565145015201784
163,1.0,0.6397600222862939
163,1.0,0.7220717569387001
163,1.0,0.8038326265746637
163,1.0,0.8819337723767301
163,1.0,0.9558987668128379
163,0.9666666666666667,1.035570496260686
163,0.9666666666666667,1.1224243769764661
163,1.0,1.1973471461322875
163,1.0,1.2837573869896206
163,1.0,1.3637359162317118
163,1.0,1.4379363019785412
163,1.0,1.523390003860676
163,1.0,1.6048436372328672
163,1.0,1.6787178622466412
163,1.0,1.7626591322421248
163,0.9666666666666667,1.8410840203043608
163,1.0,1.9221198721003574
163,1.0,1.999746088087474
163,1.0,2.0825950409547507
163,1.0,2.1647122599480517
163,1.0,2.2493401465069933
163,1.0,2.32957569614489
163,1.0,2.4005514481383154
165,0.9666666666666667,0.08553310978081767
165,0.9666666666666667,0.14995191753187323
165,0.9666666666666667,0.22439821256886358
165,1.0,0.3080219688363295
165,1.0,0.38363570850316553
165,1.0,0.4674009191740005
165,1.0,0.540126718453068
165,0.9333333333333333,0.6085183311636916
165,1.0,0.6817061245986344
165,1.0,0.7638515198626764
165,0.9666666666666667,0.8457359753279877
165,0.9333333333333333,0.9347933347083217
165,1.0,1.0176591778649935
165,1.0,1.1035429342653675
165,1.0,1.1872113550819676
165,1.0,1.2691718040774584
165,1.0,1.3511545529386924
165,1.0,1.4307630459870506
165,1.0,1.5097745316365814
165,1.0,1.5965575450829048
165,0.9666666666666667,1.6787582485539965
165,1.0,1.7604272577124767
165,0.9666666666666667,1.8317301350985469
165,1.0,1.912986827721994
165,1.0,2.0008817583370457
165,1.0,2.07718588734173
165,1.0,2.1549673312440563
165,1.0,2.2320880312309046
165,1.0,2.3143477703472053
165,1.0,2.385585385284727
168,1.0,0.08651607923470146
168,1.0,0.170499001978687
168,1.0,0.24310657361866303
168,1.0,0.3313583029738397
168,1.0,0.4189230754421164
168,1.0,0.5027543367345815
168,1.0,0.5755003873431181
168,1.0,0.6537890020856921
168,0.9666666666666667,0.7431358179119258
168,1.0,0.8171702122522703
168,1.0,0.8953558002902342
168,1.0,0.9758854409635827
168,1.0,1.058738285271504
168,0.9333333333333333,1.1315042514841251
168,1.0,1.2128255064222475
168,1.0,1.2940473483089356
168,0.9666666666666667,1.3768496777308583
168,1.0,1.451701730801769
168,1.0,1.5296747755632507
168,1.0,1.6080187787557334
168,1.0,1.6808034390747795
168,1.0,1.774562282176181
168,0.9666666666666667,1.8499797746665587
168,1.0,1.9324273202060487
168,0.9666666666666667,2.0205108523295214
168,0.9666666666666667,2.0991306976576105
168,0.9666666666666667,2.1727857751099275
168,0.9666666666666667,2.25238050398209
168,1.0,2.3230570448068857
168,1.0,2.395068390497222
171,1.0,0.07535593144954328
171,0.9666666666666667,0.15386366584811972
171,1.0,0.23739755573232665
171,1.0,0.32707348429351657
171,1.0,0.40021238819778004
171,1.0,0.471695737810575
171,0.9666666666666667,0.546835737864653
171,1.0,0.6286745128319305
171,1.0,0.7123148480997642
171,1.0,0.7897660443082196
171,0.9666666666666667,0.8632165744273629
171,1.0,0.9329076401858806
171,1.0,1.0130099395435948
171,0.9666666666666667,1.0892390378355712
171,1.0,1.1703832069009021
171,1.0,1.2494720608283534
171,0.9666666666666667,1.3426602620976409
171,0.9666666666666667,1.421521327985239
171,1.0,1.4934054831533592
171,1.0,1.5724908137080944
171,0.9666666666666667,1.649467860163734
171,1.0,1.7227597460191402
171,1.0,1.7982224510906175
171,0.9666666666666667,1.886496361541069
171,0.9666666666666667,1.9594557821831984
171,1.0,2.0452975166997436
171,1.0,2.1311910085324555
171,1.0,2.21523961287558
171,0.9666666666666667,2.2869926374602403
171,1.0,2.3742943760584185
174,0.9666666666666667,0.07809753169670426
174,1.0,0.15668212026847958
174,1.0,0.23423787251776532
174,1.0,0.32006726009362296
174,0.9666666666666667,0.3989713611236366
174,1.0,0.4882164148897763
174,0.9666666666666667,0.5637628163318105
174,1.0,0.6399314308645722
174,1.0,0.7239578957795616
174,0.9666666666666667,0.7993307039408695
174,0.9666666666666667,0.8745765608211132
174,1.0,0.9484397616584846
174,1.0,1.031175137473607
174,1.0,1.110275367849335
174,1.0,1.1894584293645925
174,1.0,1.2630219608076276
174,0.9666666666666667,1.350387587275567
174,1.0,1.4317212631802527
174,1.0,1.5018357919431229
174,1.0,1.5845370604117275
174,0.9666666666666667,1.6704012157087242
174,0.9666666666666667,1.7492465926043836
174,1.0,1.8359279448555372
174,1.0,1.9100195076739548
174,1.0,1.9840643090882082
174,0.9666666666666667,2.061118887248
174,1.0,2.1395040652720043
174,1.0,2.213823936538061
174,0.9666666666666667,2.2846927065700475
174,1.0,2.3694877174783775
177,1.0,0.07648203448172806
177,0.9666666666666667,0.1570638038067673
177,1.0,0.2443003164874228
177,0.9333333333333333,0.3182272122743658
177,1.0,0.39931315356968233
177,1.0,0.4844621195239147
177,0.9666666666666667,0.5788076855779729
177,0.9333333333333333,0.6593321141833697
177,0.9666666666666667,0.7371398139627103
177,1.0,0.8209723933416401
177,0.9333333333333333,0.8876169351997896
177,1.0,0.9714252085400793
177,0.9666666666666667,1.0478739069549199
177,1.0,1.1304883382092537
177,1.0,1.2244461385236567
177,1.0,1.3077817297317962
177,1.0,1.3848738056869705
177,1.0,1.4650777767528773
177,1.0,1.5417002044621322
177,1.0,1.6259344899117187
177,1.0,1.699622900578683
177,0.9666666666666667,1.771146030129354
177,1.0,1.8489820245517306
177,0.9666666666666667,1.917580452926097
177,0.9666666666666667,1.9918033944639253
177,1.0,2.071476071749261
177,1.0,2.1489974749519365
177,1.0,2.2205955380935576
177,0.9666666666666667,2.3009765068610215
177,1.0,2.3791460618254203
180,0.9666666666666667,0.08221466951942742
180,1.0,0.15914101817184678
180,1.0,0.24175336150368443
180,1.0,0.3171151581166328
180,1.0,0.3935418279095519
180,1.0,0.4712024161402824
180,0.9666666666666667,0.548140839767407
180,1.0,0.6299410478848895
180,0.9666666666666667,0.7140386719517072
180,1.0,0.7880900299812367
180,1.0,0.8707118091044385
180,1.0,0.9514383069303574
180,0.9333333333333333,1.0276002878670387
180,1.0,1.1087424391228742
180,0.9666666666666667,1.1895866578177179
180,1.0,1.2672209703811972
180,0.9333333333333333,1.340531818323179
180,1.0,1.4186540215916768
180,1.0,1.4906465439275107
180,0.9666666666666667,1.5609967799877247
180,1.0,1.6350521911213205
180,0.9666666666666667,1.7057410522804295
180,0.9666666666666667,1.7755624705018727
180,1.0,1.8559115771267407
180,1.0,1.9325229416718495
180,1.0,2.0101406431950375
180,1.0,2.088744585354111
180,0.9666666666666667,2.1723578147961864
180,1.0,2.2540525170617474
180,1.0,2.3274901729734125
182,1.0,0.08149833385197963
182,1.0,0.16978726286848508
182,1.0,0.25440771634272735
182,1.0,0.33510047828301087
182,1.0,0.41692362907030456
182,1.0,0.48659375290116647
182,0.9666666666666667,0.5677954457812119
182,1.0,0.6501891543551782
182,1.0,0.7260279137766209
182,1.0,0.7972459526416362
182,1.0,0.8761482002315498
182,1.0,0.9481855410109127
182,1.0,1.017531384594082
182,1.0,1.1001487361406603
182,0.9666666666666667,1.1695987726012442
182,1.0,1.2485870188399941
182,1.0,1.322461887802507
182,0.9666666666666667,1.4055549622280015
182,1.0,1.4761028037534247
182,1.0,1.5469599738907278
182,0.9333333333333333,1.6220183553166925
182,1.0,1.695437451775432
182,0.9666666666666667,1.764294508560812
182,1.0,1.8391758185959717
182,1.0,1.9149842977266163
182,1.0,1.9835492106231258
182,1.0,2.0533136257777036
182,1.0,2.1337949907385925
182,1.0,2.2147609173188743
182,1.0,2.2942648182676324
185,1.0,0.0723967539838765
185,0.9666666666666667,0.14193667319040285
185,1.0,0.2166373416458361
185,1.0,0.29357790403840134
185,1.0,0.37237117339428705
185,1.0,0.4567131603223205
185,1.0,0.5292334398811955
185,1.0,0.6046190287883231
185,1.0,0.6800104789086265
185,1.0,0.7653928945072394
185,0.9666666666666667,0.8504550101856184
185,1.0,0.9324762930414534
185,1.0,1.006322836681855
185,0.9666666666666667,1.0783377450811782
185,1.0,1.1534675124681546
185,1.0,1.2289636070895333
185,1.0,1.308819128104228
185,1.0,1.3918758451204636
185,1.0,1.4564602714591315
185,1.0,1.5316025674133789
185,1.0,1.6060801814946863
185,0.9666666666666667,1.6758907268439114
185,0.9666666666666667,1.7547376387418916
185,1.0,1.835864882393823
185,1.0,1.9204075652879289
185,1.0,1.9995851069348827
185,1.0,2.084478265906651
185,1.0,2.159169102918216
185,1.0,2.2362546346101038
185,1.0,2.315333073852555
188,1.0,0.07803542839184384
188,0.9666666666666667,0.15933504115893452
188,1.0,0.22876463963771201
188,1.0,0.30911912203462616
188,1.0,0.3775781457688592
188,1.0,0.45515044393194176
188,1.0,0.5285947094542854
188,1.0,0.5987807306667293
188,1.0,0.6709084835120219
188,1.0,0.758430869528466
188,1.0,0.8308908900043401
188,1.0,0.9189620248493536
188,0.9666666666666667,0.9908779255360335
188,1.0,1.0632841917059432
188,1.0,1.135839466687203
188,0.9666666666666667,1.2045131791764139
188,0.9666666666666667,1.2758074695262074
188,1.0,1.3453329100669835
188,1.0,1.4193716771520053
188,1.0,1.4932737323346923
188,0.9666666666666667,1.5768714092535674
188,1.0,1.6552313484385612
188,1.0,1.7445015200203757
188,1.0,1.822632424795984
188,1.0,1.896690224153051
188,1.0,1.976495093476141
188,1.0,2.0514504804391516
188,1.0,2.1232972201694653
188,1.0,2.20484254475215
188,1.0,2.278810573950239
191,1.0,0.08117729774224144
191,1.0,0.15849489098286582
191,0.9666666666666667,0.23396114991352057
191,1.0,0.30449740614013426
191,1.0,0.372738383002671
191,1.0,0.45385013116250583
191,1.0,0.5376273379228386
191,1.0,0.6177337196285205
191,1.0,0.7056499671686534
191,1.0,0.7890299444161507
191,1.0,0.8670151701873057
191,1.0,0.9468441645794725
191,1.0,1.031199836791281
191,1.0,1.1100960559759498
191,1.0,1.1868253945348521
191,1.0,1.273222482900077
191,1.0,1.3493100265630902
191,1.0,1.4268100454345778
191,1.0,1.4975009142318971
191,1.0,1.5794751364119484
191,1.0,1.6610835381968074
191,1.0,1.7442741706941511
191,1.0,1.8161506848286213
191,1.0,1.8944223076509987
191,1.0,1.975933372049074
191,1.0,2.0534623727045958
191,1.0,2.130561834104164
191,1.0,2.2059344754674175
191,1.0,2.2833504720793325
191,1.0,2.3670886287254027
194,1.0,0.0841697885061053
194,1.0,0.16184925505948447
194,1.0,0.2382702757097486
194,1.0,0.3166585045876644
194,1.0,0.39203817339201547
194,1.0,0.4714791083141724
194,1.0,0.5504489396989697
194,1.0,0.6254491677554606
194,1.0,0.7013691174786789
194,1.0,0.7797514496064485
194,1.0,0.8558723962749053
194,1.0,0.9342479871884769
194,1.0,1.0044366571181726
194,1.0,1.0812494328200575
194,1.0,1.158988226593007
194,1.0,1.2434214170944184
194,1.0,1.3245973669153155
194,1.0,1.406373110248891
194,1.0,1.4900485019423977
194,1.0,1.5666950896748018
194,1.0,1.6420134898485137
194,1.0,1.7218969052543414
194,1.0,1.8038030712673498
194,1.0,1.8926582197468322
194,1.0,1.9715266402560645
194,1.0,2.0532864601089913
194,1.0,2.1219435686524717
194,1.0,2.202194772622621
194,1.0,2.274592197331678
194,1.0,2.356761960480823
197,1.0,0.08025195723718782
197,1.0,0.16132381179567437
197,1.0,0.23494275824327004
197,1.0,0.320298682881804
197,0.9666666666666667,0.39404702040656686
197,1.0,0.47717031062574916
197,1.0,0.5593306117802985
197,1.0,0.6410643185246797
197,1.0,0.7129555042849646
197,1.0,0.7994707006920296
197,1.0,0.8813294764036302
197,1.0,0.9543329473201717
197,1.0,1.02756213293673
197,1.0,1.1115781447901536
197,1.0,1.1923423627671461
197,1.0,1.2764156381436451
197,1.0,1.3523085546871734
197,1.0,1.4280457328979248
197,1.0,1.5022915608913547
197,1.0,1.5859359340765216
197,1.0,1.6602060492331252
197,1.0,1.735729077791391
197,1.0,1.808331410675165
197,1.0,1.8814843146039304
197,1.0,1.9573902211401024
197,1.0,2.032028180895432
197,1.0,2.1102422266613186
197,1.0,2.1859404960434703
197,1.0,2.2649015224471207
197,1.0,2.3491595636675746
200,1.0,0.08104123179583805
200,1.0,0.15947461876055583
200,1.0,0.23713389765690368
200,0.9666666666666667,0.3144239428756595
200,1.0,0.39650757803095654
200,0.9666666666666667,0.4795882428129113
200,1.0,0.5668675694828684
200,1.0,0.6429070426147635
200,1.0,0.7208737265932259
200,1.0,0.796035516612432
200,1.0,0.8757364028912121
200,1.0,0.952372170195414
200,1.0,1.0372407553751593
200,1.0,1.1108378302413482
200,1.0,1.187274386713621
200,1.0,1.2705107240088607
200,1.0,1.340535766801485
200,1.0,1.4185069806344943
200,1.0,1.5037199495167777
200,1.0,1.5846523194668365
200,1.0,1.6666506417691571
200,1.0,1.736643453859631
200,1.0,1.8126831860435928
200,1.0,1.8809327370361193
200,1.0,1.9641832157386987
200,1.0,2.040582996767677
200,1.0,2.1230298015926516
200,1.0,2.2031402147580272
200,1.0,2.284246323517011
200,1.0,2.352296018399678
